{
    "configuracion": {},
    "Datos_Arduino": {
        "a": 1.1428571428571428,
        "x2": 0.3896103896103897,
        "x3": 0.06493506493506493
    },
    "Estadistica": []
}